{
    "display": {
        "title": {
            "translate": "adv.chr.tobyfox.lv20"
        },
        "description": {
            "translate": "adv.chr.lv20","color":"green","with": [
                {
                    "translate": "chr.tobyfox"
                }
            ]
        },
        "icon": {
            "item": "minecraft:quartz"
        },
        "frame": "challenge",
        "show_toast": true,
        "announce_to_chat": true,
        "hidden": true
    },
    "criteria": {
        "lv20": {
            "trigger": "minecraft:impossible"
        }
    },
    "parent": "ut:chr/tobyfox/secret"
}