{
    "display": {
        "title": {
            "translate": "adv.other.timer1"
        },
        "description": {
            "translate": "adv.other.timer1.lore"
        },
        "icon": {
            "item": "minecraft:potato"
        },
        "frame": "task",
        "show_toast": true,
        "announce_to_chat": false,
        "hidden": true
    },
    "criteria": {
        "welcome": {
            "trigger": "minecraft:impossible"
        }
    },
    "parent": "ut:other/tut/tuto30"
}