{
    "display": {
        "title": {
            "translate": "adv.other.timer3"
        },
        "description": {
            "translate": "adv.other.timer3.lore"
        },
        "icon": {
            "item": "minecraft:melon_seeds"
        },
        "frame": "task",
        "show_toast": true,
        "announce_to_chat": false,
        "hidden": true
    },
    "criteria": {
        "1": {
            "trigger": "minecraft:recipe_unlocked",
            "conditions": {
                "recipe": "ut:timer1"
            }
        },
        "2": {
            "trigger": "minecraft:recipe_unlocked",
            "conditions": {
                "recipe": "ut:timer2"
            }
        },
        "3": {
            "trigger": "minecraft:recipe_unlocked",
            "conditions": {
                "recipe": "ut:timer3"
            }
        }
    },
    "requirements": [
        ["1","2","3"]
    ],
    "parent": "ut:other/timer/level2"
}