{
    "function": "set_attributes",
    "modifiers": [
        {
            "name": "hihi",
            "attribute": "minecraft:generic.luck",
            "operation": "addition",
            "slot": "mainhand",
            "amount": {
                "type": "uniform",
                "min": {
                    "type": "score",
                    "target": {
                        "type": "fixed",
                        "name": "min"
                    },
                    "score": "random"
                },
                "max": {
                    "type": "score",
                    "target": {
                        "type": "fixed",
                        "name": "max"
                    },
                    "score": "random"
                }
            }
        }
    ]
}