{
    "display": {
        "title": {
            "translate": "adv.chr.flowey.lv20"
        },
        "description": {
            "translate": "adv.chr.lv20","color":"green","with": [
                {
                    "translate": "chr.flowey"
                }
            ]
        },
        "icon": {
            "item": "minecraft:wheat_seeds"
        },
        "frame": "challenge",
        "show_toast": true,
        "announce_to_chat": true,
        "hidden": true
    },
    "criteria": {
        "lv5": {
            "trigger": "minecraft:impossible"
        }
    },
    "parent": "ut:chr/flowey/secret"
}