{
    "display": {
        "title": {
            "translate": "adv.mini.maze"
        },
        "description": {
            "translate": "adv.mini.maze.lore"
        },
        "icon": {
            "item": "minecraft:purple_concrete_powder"
        },
        "frame": "task",
        "show_toast": true,
        "announce_to_chat": true,
        "hidden": true
    },
    "criteria": {
        "welcome": {
            "trigger": "minecraft:impossible"
        }
    },
    "parent": "ut:other/mini/maze10"
}