{
    "display": {
        "title": {
            "translate": "adv.mini.maze10"
        },
        "description": {
            "translate": "adv.mini.maze10.lore"
        },
        "icon": {
            "item": "minecraft:orange_concrete_powder"
        },
        "frame": "task",
        "show_toast": true,
        "announce_to_chat": true,
        "hidden": false
    },
    "criteria": {
        "welcome": {
            "trigger": "minecraft:impossible"
        }
    },
    "parent": "ut:other/mini/root"
}