{
    "display": {
        "title": {
            "translate": "adv.other.tutoroot"
        },
        "description": {
            "translate": "adv.other.tutoroot.lore"
        },
        "icon": {
            "item": "minecraft:green_dye"
        },
        "frame": "task",
        "show_toast": true,
        "announce_to_chat": true,
        "hidden": true
    },
    "criteria": {
        "1": {
            "trigger": "minecraft:impossible"
        }
    },
    "parent": "ut:other/tut/root"
}