{
  "display": {
    "icon": {
      "item": "minecraft:iron_ingot"
    },
    "title": {
      "translate": "=)"
    },
    "description": {
      "translate": "Hit an other player"
    },
    "frame": "task",
    "show_toast": false,
    "announce_to_chat": false,
    "hidden": false
  },
  "criteria": {
    "hit_a_player": {
      "trigger": "minecraft:player_hurt_entity",
      "conditions": {
        "entity": {
          "type": "minecraft:player"
        }
      }
    }
  },
  "rewards": {
    "function": "ut:player/advancement/hit_a_player"
  }
}