{
    "display": {
        "title": {
            "translate": "adv.other"
        },
        "description": {
            "translate": "adv.other.lore"
        },
        "icon": {
            "item": "minecraft:blaze_rod"
        },
        "frame": "task",
        "show_toast": false,
        "announce_to_chat": false,
        "hidden": false,
        "background": "minecraft:textures/gui/advancements/backgrounds/stone.png"
    },
    "criteria": {
        "welcome": {
            "trigger": "minecraft:impossible"
        }
    }
}