{
    "display": {
        "title": {
            "translate": "adv.mini.dummyspare"
        },
        "description": {
            "translate": "adv.mini.dummyspare.lore"
        },
        "icon": {
            "item": "minecraft:brown_dye"
        },
        "frame": "task",
        "show_toast": true,
        "announce_to_chat": true,
        "hidden": true
    },
    "criteria": {
        "welcome": {
            "trigger": "minecraft:impossible"
        }
    },
    "parent": "ut:other/mini/dummy"
}