{
  "display": {
    "icon": {
      "item": "minecraft:red_dye"
    },
    "title": {
      "translate": "Ouch"
    },
    "description": {
      "translate": "Got hurt by an other Player"
    },
    "frame": "task",
    "show_toast": false,
    "announce_to_chat": false,
    "hidden": false,
    "background": "minecraft:textures/gui/advancements/backgrounds/end.png"
  },
  "criteria": {
    "hit_by_player": {
      "trigger": "minecraft:entity_hurt_player",
        "conditions": {
        "damage": {
          "source_entity": {
            "type": "minecraft:player"
          }
        }
      }
    }
  },
  "rewards": {
    "function": "ut:player/advancement/hit_by_player"
  }
}