{
    "display": {
        "title": {
            "translate": "adv.chr.napstablook.lv20"
        },
        "description": {
            "translate": "adv.chr.lv20","color":"green","with": [
                {
                    "translate": "chr.napstablook"
                }
            ]
        },
        "icon": {
            "item": "minecraft:amethyst_shard"
        },
        "frame": "challenge",
        "show_toast": true,
        "announce_to_chat": true,
        "hidden": true
    },
    "criteria": {
        "lv5": {
            "trigger": "minecraft:impossible"
        }
    },
    "parent": "ut:chr/napstablook/secret"
}