{
    "display": {
        "title": {
            "translate": "adv.chr.frisk.secret"
        },
        "description": {
            "translate": "adv.chr.frisk.secret.lore"
        },
        "icon": {
            "item": "minecraft:brown_dye"
        },
        "frame": "task",
        "show_toast": true,
        "announce_to_chat": true,
        "hidden": true
    },
    "criteria": {
        "secret": {
            "trigger": "minecraft:impossible"
        }
    },
    "parent": "ut:chr/frisk/lv5"
}