{
    "display": {
        "title": {
            "translate": "adv.chr.muffet.lv5"
        },
        "description": {
            "translate": "adv.chr.lv5","with": [
                {
                    "translate": "chr.muffet"
                }
            ]
        },
        "icon": {
            "item": "minecraft:spider_eye"
        },
        "frame": "task",
        "show_toast": true,
        "announce_to_chat": true,
        "hidden": false
    },
    "criteria": {
        "lv5": {
            "trigger": "minecraft:impossible"
        }
    },
    "parent": "ut:chr/muffet/root"
}