{
    "display": {
        "title": {
            "translate": "chr.alphys"
        },
        "description": {
            "translate": "adv.chr.play1","with": [
                {
                    "translate": "chr.alphys"
                }
            ]
        },
        "icon": {
            "item": "minecraft:nether_brick",
            "nbt": "{CustomModelData:13}"
        },
        "frame": "task",
        "show_toast": false,
        "announce_to_chat": false,
        "hidden": false
    },
    "criteria": {
        "first": {
            "trigger": "minecraft:impossible"
        }
    },
    "parent": "ut:chr/root"
}