{
  "type":"minecraft:generic",
  "pools": [
    {
      "rolls": 1,
      "entries": [
        {
          "type": "minecraft:item",
          "name": "minecraft:stone",
          "functions": [
                      {
                          "function": "minecraft:set_attributes",
                          "modifiers": [
                              {
                                  "amount": {
                                    "max": 48,
                                    "min": 1
                                  },
                                  "attribute": "generic.luck",
                                  "operation": "addition",
                                  "name": "hihinebhere",
                                  "slot": "offhand"
                              }
                          ]
                      }
          ]
        }
      ]
    }
  ]
}