{
    "display": {
        "title": {
            "translate": "adv.chr.mettaton.lv5"
        },
        "description": [{
            "translate": "adv.chr.lv5","with": [
                {
                    "translate": "chr.mettaton"
                }
            ]
        },
        {"text":"\n"},
        {
            "translate": "adv.chr.mettaton.lv5.unlock"
        }],
        "icon": {
            "item": "minecraft:flint"
        },
        "frame": "goal",
        "show_toast": true,
        "announce_to_chat": true,
        "hidden": false
    },
    "criteria": {
        "lv5": {
            "trigger": "minecraft:impossible"
        }
    },
    "parent": "ut:chr/mettaton/root"
}